Timestamp;User_X;User_Y;User_Z;Obj_X;Obj_Y;Obj_Z;Rel_Dist
0,520;0,0000;1,1176;0,0000;0,0000;1,1176;1,2000;1,2000
0,579;0,0000;1,1176;0,0000;0,0000;1,0941;1,2000;1,2002
0,636;0,0000;1,1176;0,0000;0,0000;1,0352;1,2000;1,2028
0,695;0,0000;1,1176;0,0000;0,0000;0,9410;1,2000;1,2129
0,748;0,0000;1,1176;0,0000;0,0000;0,8115;1,2000;1,2384
0,799;0,0000;1,1176;0,0000;0,0000;0,7056;1,2000;1,2688
0,856;0,0000;1,1176;0,0000;0,0000;0,5172;1,2000;1,3418
0,911;0,0000;1,1176;0,0000;0,0000;0,2936;1,2000;1,4557
0,963;0,0000;1,1176;0,0000;0,0000;0,0346;1,2000;1,6165
1,016;0,0000;1,1176;0,0000;0,0000;-0,1577;1,2000;1,7511
1,071;0,0000;1,1176;-0,0216;0,0000;-0,4755;1,2000;2,0076
1,126;0,0000;1,1176;-0,0767;0,0000;-0,8287;1,2000;2,3277
1,176;0,0000;1,1176;-0,1272;0,0000;-1,0838;1,2000;2,5705
1,228;0,0000;1,1176;-0,1802;0,0000;-1,4958;1,2000;2,9554
1,283;0,0000;1,1176;-0,2333;0,0000;-1,9431;1,2000;3,3797
1,333;0,0000;1,1176;-0,2840;0,0000;-2,2610;1,2000;3,6901
1,386;0,0000;1,1176;-0,3380;0,0000;-2,7672;1,2000;4,1781
1,437;0,0000;1,1176;-0,3883;0,0000;-3,1242;1,2000;4,5295
1,489;0,0000;1,1176;-0,4400;0,0000;-3,6893;1,2000;5,0789
1,542;0,0000;1,1176;-0,4921;0,0000;-4,2897;1,2000;5,6659
1,595;0,0000;1,1176;-0,5473;0,0000;-4,7095;1,2000;6,0835
1,648;0,0000;1,1176;-0,6008;0,0000;-5,3688;1,2000;6,7317
1,699;0,0000;1,1176;-0,6495;0,0000;-5,8279;1,2000;7,1875
1,752;0,0000;1,1176;-0,7043;0,0000;-6,5460;1,2000;7,8966
1,805;0,0000;1,1176;-0,7571;0,0000;-7,2994;1,2000;8,6415
1,856;0,0000;1,1176;-0,8078;0,0000;-7,8213;1,2000;9,1616
1,908;0,0000;1,1176;-0,8614;0,0000;-8,6335;1,2000;9,9666
1,962;0,0000;1,1176;-0,9128;0,0000;-9,4811;1,2000;10,8073
2,013;0,0000;1,1176;-0,9653;0,0000;-10,0658;1,2000;11,3911
2,067;0,0000;1,1176;-1,0188;0,0000;-10,9722;1,2000;12,2918
2,119;0,0000;1,1176;-1,0713;0,0000;-11,5962;1,2000;12,9150
2,171;-0,0356;1,1176;-1,1238;0,0000;-12,5615;1,2000;13,8751
2,223;-0,0867;1,1176;-1,1749;0,0000;-13,5621;1,2000;14,8708
2,275;-0,1393;1,1176;-1,2275;0,0000;-14,2488;1,2000;15,5576
2,328;-0,1916;1,1176;-1,2798;0,0000;-15,3083;1,2000;16,6131
2,380;-0,2448;1,1176;-1,3330;0,0000;-16,0342;1,2000;17,3396
2,431;-0,2954;1,1176;-1,3836;0,0000;-17,1525;1,2000;18,4543
2,483;-0,3473;1,1176;-1,4353;0,0000;-18,3062;1,2000;19,6048
2,537;-0,4037;1,1176;-1,4856;0,0000;-19,0949;1,2000;20,3942
2,591;-0,4635;1,1176;-1,5336;0,0000;-20,3074;1,2000;21,6037
2,642;-0,5221;1,1176;-1,5754;0,0000;-21,5553;1,2000;22,8481
2,696;-0,5853;1,1176;-1,6157;0,0000;-22,4068;1,2000;23,6995
2,750;-0,6515;1,1176;-1,6508;0,0000;-23,7135;1,2000;25,0027
2,802;-0,7215;1,1176;-1,6816;0,0000;-25,0555;1,2000;26,3411
2,853;-0,7868;1,1176;-1,7094;0,0000;-25,9698;1,2000;27,2545
2,907;-0,8597;1,1176;-1,7320;0,0000;-27,3706;1,2000;28,6516
2,960;-0,9341;1,1176;-1,7430;0,0000;-28,3242;1,2000;29,6032
3,013;-1,0088;1,1176;-1,7426;0,0000;-29,7839;1,2000;31,0577
3,065;-1,0828;1,1176;-1,7377;0,0000;-31,2789;1,2000;32,5475
3,116;-1,1547;1,1176;-1,7296;0,0000;-32,2953;1,2000;33,5609
3,168;-1,2267;1,1176;-1,7151;0,0000;-33,8492;1,2000;35,1095
3,220;-1,2998;1,1176;-1,6998;0,0000;-34,9047;1,2000;36,1622
3,270;-1,3675;1,1176;-1,6856;0,0000;-36,5175;1,2000;37,7703
3,324;-1,4411;1,1176;-1,6669;0,0000;-38,1655;1,2000;39,4140
3,376;-1,5102;1,1176;-1,6446;0,0000;-39,2839;1,2000;40,5296
3,428;-1,5821;1,1176;-1,6193;0,0000;-40,9908;1,2000;42,2323
3,481;-1,6522;1,1176;-1,5946;0,0000;-42,7331;1,2000;43,9707
3,531;-1,7177;1,1176;-1,5715;0,0000;-43,9142;1,2000;45,1497
3,582;-1,7873;1,1176;-1,5471;0,0000;-45,7153;1,2000;46,9474
3,637;-1,8592;1,1176;-1,5215;0,0000;-46,9357;1,2000;48,1662
3,690;-1,9298;1,1176;-1,4964;0,0000;-48,7956;1,2000;50,0233
3,744;-2,0029;1,1176;-1,4703;0,0000;-50,6909;1,2000;51,9160
3,797;-2,0737;1,1176;-1,4451;0,0000;-51,9741;1,2000;53,1980
3,850;-2,1440;1,1176;-1,4201;0,0000;-53,9282;1,2000;55,1498
3,902;-2,2119;1,1176;-1,3959;0,0000;-55,9177;1,2000;57,1372
3,955;-2,2828;1,1176;-1,3706;0,0000;-57,2636;1,2000;58,4824
4,008;-2,3534;1,1176;-1,3444;0,0000;-59,3120;1,2000;60,5289
4,059;-2,4224;1,1176;-1,3182;0,0000;-60,6971;1,2000;61,9134
4,113;-2,4390;1,1176;-1,3119;0,0000;-62,8043;1,2000;64,0177
4,164;-2,4390;1,1176;-1,3119;0,0000;-64,9468;1,2000;66,1571
4,216;-2,4511;1,1176;-1,3073;0,0000;-66,3948;1,2000;67,6034
4,270;-2,5215;1,1176;-1,2806;0,0000;-68,5961;1,2000;69,8034
4,322;-2,5904;1,1176;-1,2540;0,0000;-70,8328;1,2000;72,0388
4,375;-2,6595;1,1176;-1,2272;0,0000;-72,3435;1,2000;73,5493
4,428;-2,7299;1,1176;-1,1999;0,0000;-74,6391;1,2000;75,8438
4,481;-2,8000;1,1176;-1,1726;0,0000;-76,9699;1,2000;78,1737
4,533;-2,8676;1,1176;-1,1453;0,0000;-78,5435;1,2000;79,7472
4,585;-2,9355;1,1176;-1,1168;0,0000;-80,9332;1,2000;82,1360
4,635;-2,9410;1,1176;-1,1144;0,0000;-82,5459;1,2000;83,7472
4,687;-2,9410;1,1176;-1,1144;0,0000;-84,9945;1,2000;86,1934
4,737;-2,9585;1,1176;-1,1068;0,0000;-86,6465;1,2000;87,8443
4,788;-3,0252;1,1176;-1,0780;0,0000;-89,1540;1,2000;90,3510
4,843;-3,0916;1,1176;-1,0492;0,0000;-91,6967;1,2000;92,8930
4,895;-3,0916;1,1176;-1,0492;0,0000;-93,4115;1,2000;94,6064
4,949;-3,0916;1,1176;-1,0492;0,0000;-96,0131;1,2000;97,2060
4,999;-3,1013;1,1176;-1,0248;0,0000;-97,7672;1,2000;98,9584
5,050;-3,1167;1,1176;-0,9859;0,0000;-100,4276;1,2000;101,6166
5,101;-3,1167;1,1176;-0,9859;0,0000;-103,1234;1,2000;104,3105
5,157;-3,0959;1,1176;-0,9776;0,0000;-104,9402;1,2000;106,1254
5,212;-3,0959;1,1176;-0,9776;0,0000;-107,6949;1,2000;108,8783
5,262;-3,0959;1,1176;-0,9776;0,0000;-110,4849;1,2000;111,6666
5,313;-3,0959;1,1176;-0,9776;0,0000;-112,3645;1,2000;113,5452
5,365;-3,0959;1,1176;-0,9776;0,0000;-115,2133;1,2000;116,3924
5,418;-3,0959;1,1176;-0,9776;0,0000;-117,1321;1,2000;118,3103
5,469;-3,0959;1,1176;-0,9776;0,0000;-120,0398;1,2000;121,2165
5,522;-3,0959;1,1176;-0,9776;0,0000;-122,9828;1,2000;124,1581
5,575;-3,0959;1,1176;-0,9776;0,0000;-124,9644;1,2000;126,1388
5,625;-3,0959;1,1176;-0,9776;0,0000;-127,9663;1,2000;129,1394
5,680;-3,0959;1,1176;-0,9776;0,0000;-131,0035;1,2000;132,1753
5,730;-3,0959;1,1176;-0,9776;0,0000;-133,0479;1,2000;134,2189
5,784;-3,0815;1,1176;-0,9719;0,0000;-136,1439;1,2000;137,3133
5,836;-3,0538;1,1176;-0,9608;0,0000;-138,2276;1,2000;139,3954
5,889;-3,0538;1,1176;-0,9608;0,0000;-141,3825;1,2000;142,5492
5,942;-3,0538;1,1176;-0,9608;0,0000;-144,5727;1,2000;145,7383
5,993;-3,0538;1,1176;-0,9608;0,0000;-146,7191;1,2000;147,8840
6,047;-3,0538;1,1176;-0,9608;0,0000;-149,9682;1,2000;151,1321
6,099;-3,0538;1,1176;-0,9608;0,0000;-152,1539;1,2000;153,3171
6,151;-3,0538;1,1176;-0,9608;0,0000;-155,4618;1,2000;156,6241
6,204;-3,0538;1,1176;-0,9608;0,0000;-158,8051;1,2000;159,9664
6,254;-3,0538;1,1176;-0,9608;0,0000;-161,0535;1,2000;162,2143
6,306;-3,0538;1,1176;-0,9608;0,0000;-164,4556;1,2000;165,6155
6,357;-3,0538;1,1176;-0,9608;0,0000;-166,7433;1,2000;167,9026
6,408;-3,0538;1,1176;-0,9608;0,0000;-170,2043;1,2000;171,3627
6,458;-3,0538;1,1176;-0,9608;0,0000;-172,5313;1,2000;173,6891
6,509;-3,0538;1,1176;-0,9608;0,0000;-176,0511;1,2000;177,2082
6,562;-3,0538;1,1176;-0,9608;0,0000;-179,6062;1,2000;180,7625
6,612;-3,0538;1,1176;-0,9608;0,0000;-181,9960;1,2000;183,1518
6,665;-3,0538;1,1176;-0,9608;0,0000;-185,6100;1,2000;186,7650
6,717;-3,0538;1,1176;-0,9608;0,0000;-188,0389;1,2000;189,1935
6,768;-3,0538;1,1176;-0,9608;0,0000;-191,7118;1,2000;192,8657
6,818;-3,0538;1,1176;-0,9608;0,0000;-194,1800;1,2000;195,3334
6,870;-3,0538;1,1176;-0,9608;0,0000;-197,9117;1,2000;199,0645
6,920;-3,0538;1,1176;-0,9608;0,0000;-200,4192;1,2000;201,5715
6,973;-3,0538;1,1176;-0,9608;0,0000;-204,2098;1,2000;205,3614
7,024;-3,0538;1,1176;-0,9608;0,0000;-208,0357;1,2000;209,1867
7,074;-3,0341;1,1176;-0,9529;0,0000;-210,6059;1,2000;211,7562
7,125;-2,9875;1,1176;-0,9343;0,0000;-214,4907;1,2000;215,6395
7,177;-2,9386;1,1176;-0,9147;0,0000;-217,1001;1,2000;218,2478
7,229;-2,8975;1,1176;-0,8791;0,0000;-221,0438;1,2000;222,1900
7,281;-2,8681;1,1176;-0,8104;0,0000;-225,0227;1,2000;226,1674
7,333;-2,8395;1,1176;-0,7438;0,0000;-227,6950;1,2000;228,8384
7,386;-2,8190;1,1176;-0,6958;0,0000;-231,7328;1,2000;232,8751
7,439;-2,8190;1,1176;-0,6958;0,0000;-234,4442;1,2000;235,5863
7,490;-2,8190;1,1176;-0,6958;0,0000;-238,5409;1,2000;239,6826
7,542;-2,8190;1,1176;-0,6958;0,0000;-242,6729;1,2000;243,8141
7,595;-2,8190;1,1176;-0,6958;0,0000;-245,4472;1,2000;246,5882
7,646;-2,8190;1,1176;-0,6958;0,0000;-249,6380;1,2000;250,7786
7,699;-2,8190;1,1176;-0,6958;0,0000;-252,4515;1,2000;253,5919
7,752;-2,8190;1,1176;-0,6958;0,0000;-256,7012;1,2000;257,8412
7,803;-2,8190;1,1176;-0,6958;0,0000;-260,9862;1,2000;262,1258
7,853;-2,8190;1,1176;-0,6958;0,0000;-263,8625;1,2000;265,0019
7,906;-2,8190;1,1176;-0,6958;0,0000;-268,2064;1,2000;269,3454
7,959;-2,8190;1,1176;-0,6958;0,0000;-271,1219;1,2000;272,2607
8,009;-2,8190;1,1176;-0,6958;0,0000;-275,5246;1,2000;276,6631
8,060;-2,8572;1,1176;-0,7111;0,0000;-278,4794;1,2000;279,6181
8,110;-2,9037;1,1176;-0,7297;0,0000;-282,9410;1,2000;284,0800
8,162;-2,9240;1,1176;-0,7378;0,0000;-287,4379;1,2000;288,5768
8,212;-2,9350;1,1176;-0,7422;0,0000;-290,4554;1,2000;291,5943
8,265;-2,9839;1,1176;-0,7617;0,0000;-295,0112;1,2000;296,1504
8,317;-3,0308;1,1176;-0,7805;0,0000;-298,0680;1,2000;299,2076
8,369;-3,0489;1,1176;-0,7877;0,0000;-302,6826;1,2000;303,8221
8,420;-3,0489;1,1176;-0,7877;0,0000;-305,7787;1,2000;306,9179
8,472;-3,0686;1,1176;-0,7956;0,0000;-310,4521;1,2000;311,5913
8,524;-3,1085;1,1176;-0,8116;0,0000;-315,1609;1,2000;316,3002
8,576;-3,1085;1,1176;-0,8116;0,0000;-318,3198;1,2000;319,4588
8,626;-3,1246;1,1176;-0,8180;0,0000;-323,0874;1,2000;324,2264
8,682;-3,1695;1,1176;-0,8360;0,0000;-327,8904;1,2000;329,0296
8,733;-3,1695;1,1176;-0,8360;0,0000;-331,1120;1,2000;332,2510
8,787;-3,1695;1,1176;-0,8360;0,0000;-335,9738;1,2000;337,1125
8,838;-3,1695;1,1176;-0,8360;0,0000;-339,2347;1,2000;340,3731
8,890;-3,1695;1,1176;-0,8360;0,0000;-344,1554;1,2000;345,2935
8,941;-3,1695;1,1176;-0,8360;0,0000;-349,1114;1,2000;350,2492
8,994;-3,1915;1,1176;-0,8448;0,0000;-352,4350;1,2000;353,5729
9,046;-3,2073;1,1176;-0,8511;0,0000;-357,4499;1,2000;358,5877
9,100;-3,2073;1,1176;-0,8511;0,0000;-362,5000;1,2000;363,6376
9,152;-3,2130;1,1176;-0,8534;0,0000;-365,8864;1,2000;367,0239
9,205;-3,2308;1,1176;-0,8605;0,0000;-370,9955;1,2000;372,1328
9,255;-3,2308;1,1176;-0,8605;0,0000;-374,4211;1,2000;375,5583
9,307;-3,2308;1,1176;-0,8605;0,0000;-379,5891;1,2000;380,7260
9,357;-3,2775;1,1176;-0,8792;0,0000;-383,0539;1,2000;384,1911
9,408;-3,3235;1,1176;-0,8976;0,0000;-388,2807;1,2000;389,4182
9,459;-3,3683;1,1176;-0,9155;0,0000;-391,7848;1,2000;392,9226
9,510;-3,3757;1,1176;-0,9184;0,0000;-397,0704;1,2000;398,2080
9,562;-3,3757;1,1176;-0,9184;0,0000;-402,3914;1,2000;403,5287
9,616;-3,3757;1,1176;-0,9184;0,0000;-405,9583;1,2000;407,0954
9,670;-3,3757;1,1176;-0,9184;0,0000;-411,3381;1,2000;412,4749
9,724;-3,3757;1,1176;-0,9184;0,0000;-416,7532;1,2000;417,8898
9,776;-3,3757;1,1176;-0,9184;0,0000;-420,3829;1,2000;421,5193
9,827;-3,3757;1,1176;-0,9184;0,0000;-425,8568;1,2000;426,9930
9,878;-3,3757;1,1176;-0,9184;0,0000;-429,5258;1,2000;430,6618
9,931;-3,3757;1,1176;-0,9184;0,0000;-435,0586;1,2000;436,1944
9,985;-3,3757;1,1176;-0,9184;0,0000;-440,6267;1,2000;441,7623
10,039;-3,3757;1,1176;-0,9184;0,0000;-444,3585;1,2000;445,4939
10,092;-3,3757;1,1176;-0,9184;0,0000;-449,9854;1,2000;451,1207
10,143;-3,3757;1,1176;-0,9184;0,0000;-455,6478;1,2000;456,7828
10,198;-3,3757;1,1176;-0,9184;0,0000;-459,4423;1,2000;460,5771
10,252;-3,3757;1,1176;-0,9184;0,0000;-465,1635;1,2000;466,2981
10,303;-3,3757;1,1176;-0,9184;0,0000;-470,9200;1,2000;472,0544
10,355;-3,3757;1,1176;-0,9184;0,0000;-474,7772;1,2000;475,9115
10,408;-3,3757;1,1176;-0,9184;0,0000;-480,5926;1,2000;481,7267
10,462;-3,3757;1,1176;-0,9184;0,0000;-486,4432;1,2000;487,5771
10,517;-3,3757;1,1176;-0,9184;0,0000;-490,3633;1,2000;491,4971
10,571;-3,3757;1,1176;-0,9184;0,0000;-496,2728;1,2000;497,4064
10,625;-3,3757;1,1176;-0,9184;0,0000;-502,2177;1,2000;503,3511
10,678;-3,3757;1,1176;-0,9184;0,0000;-506,2005;1,2000;507,3338
10,728;-3,3757;1,1176;-0,9184;0,0000;-512,2042;1,2000;513,3373
10,780;-3,3757;1,1176;-0,9184;0,0000;-518,2432;1,2000;519,3762
10,841;-3,3757;1,1176;-0,9184;0,0000;-524,3176;1,2000;525,4503
10,891;-3,3757;1,1176;-0,9184;0,0000;-528,3868;1,2000;529,5194
10,941;-3,3757;1,1176;-0,9184;0,0000;-534,5200;1,2000;535,6524
10,994;-3,3757;1,1176;-0,9184;0,0000;-538,6284;1,2000;539,7607
11,045;-3,3757;1,1176;-0,9184;0,0000;-544,8204;1,2000;545,9526
11,096;-3,3757;1,1176;-0,9184;0,0000;-548,9681;1,2000;550,1002
11,147;-3,3368;1,1176;-0,9027;0,0000;-555,2190;1,2000;556,3506
11,198;-3,2884;1,1176;-0,8832;0,0000;-559,4059;1,2000;560,5370
11,250;-3,2731;1,1176;-0,8770;0,0000;-565,7156;1,2000;566,8465
11,302;-3,2731;1,1176;-0,8770;0,0000;-572,0607;1,2000;573,1915
11,354;-3,2731;1,1176;-0,8770;0,0000;-576,3104;1,2000;577,4410
11,406;-3,2731;1,1176;-0,8770;0,0000;-582,7143;1,2000;583,8448
11,459;-3,2731;1,1176;-0,8770;0,0000;-587,0032;1,2000;588,1336
11,509;-3,2731;1,1176;-0,8770;0,0000;-593,4661;1,2000;594,5963
11,561;-3,2731;1,1176;-0,8770;0,0000;-599,9642;1,2000;601,0943
11,614;-3,2731;1,1176;-0,8770;0,0000;-604,3159;1,2000;605,4459
11,665;-3,2731;1,1176;-0,8770;0,0000;-610,8729;1,2000;612,0027
11,717;-3,2731;1,1176;-0,8770;0,0000;-615,2638;1,2000;616,3936
11,768;-3,2731;1,1176;-0,8770;0,0000;-621,8796;1,2000;623,0093
11,819;-3,2731;1,1176;-0,8770;0,0000;-626,3098;1,2000;627,4394
11,870;-3,2731;1,1176;-0,8770;0,0000;-632,9845;1,2000;634,1140
11,922;-3,2731;1,1176;-0,8770;0,0000;-639,6945;1,2000;640,8239
11,974;-3,2731;1,1176;-0,8770;0,0000;-644,1874;1,2000;645,3167
12,028;-3,2731;1,1176;-0,8770;0,0000;-650,9563;1,2000;652,0854
12,081;-3,2731;1,1176;-0,8770;0,0000;-657,7605;1,2000;658,8895
12,131;-3,2731;1,1176;-0,8770;0,0000;-662,3163;1,2000;663,4453
12,181;-3,2731;1,1176;-0,8770;0,0000;-669,1793;1,2000;670,3082
12,234;-3,2731;1,1176;-0,8770;0,0000;-673,7743;1,2000;674,9030
12,287;-3,2649;1,1176;-0,8737;0,0000;-680,6962;1,2000;681,8248
12,339;-3,2172;1,1176;-0,8544;0,0000;-685,3304;1,2000;686,4587
12,392;-3,1674;1,1176;-0,8346;0,0000;-692,3112;1,2000;693,4390
12,444;-3,1573;1,1176;-0,8601;0,0000;-699,3273;1,2000;700,4550
12,495;-3,1383;1,1176;-0,9081;0,0000;-704,0243;1,2000;705,1520
12,547;-3,1002;1,1176;-0,9480;0,0000;-711,0992;1,2000;712,2269
12,599;-3,0804;1,1176;-0,9970;0,0000;-715,8354;1,2000;716,9631
12,649;-3,0572;1,1176;-1,0415;0,0000;-722,9692;1,2000;724,0968
12,702;-3,0266;1,1176;-1,0833;0,0000;-730,1384;1,2000;731,2658
12,752;-2,9759;1,1176;-1,1026;0,0000;-734,9374;1,2000;736,0646
12,805;-2,9029;1,1176;-1,0909;0,0000;-742,1653;1,2000;743,2922
12,856;-2,8330;1,1176;-1,0713;0,0000;-747,0036;1,2000;748,1300
12,909;-2,7701;1,1176;-1,0631;0,0000;-754,2905;1,2000;755,4166
12,960;-2,7236;1,1176;-1,0864;0,0000;-761,6126;1,2000;762,7385
13,013;-2,6760;1,1176;-1,1097;0,0000;-766,5137;1,2000;767,6394
13,066;-2,6340;1,1176;-1,1428;0,0000;-773,8947;1,2000;775,0203
13,117;-2,6104;1,1176;-1,2115;0,0000;-778,8350;1,2000;779,9607
13,169;-2,5868;1,1176;-1,2799;0,0000;-786,2748;1,2000;787,4006
13,222;-2,6102;1,1176;-1,3280;0,0000;-793,7500;1,2000;794,8759
13,274;-2,5924;1,1176;-1,3952;0,0000;-798,7531;1,2000;799,8791
13,325;-2,5684;1,1176;-1,4628;0,0000;-806,2871;1,2000;807,4132
13,377;-2,5431;1,1176;-1,5304;0,0000;-811,3294;1,2000;812,4556
13,430;-2,5138;1,1176;-1,6008;0,0000;-818,9223;1,2000;820,0485
13,481;-2,4857;1,1176;-1,6676;0,0000;-826,5505;1,2000;827,6769
13,534;-2,4569;1,1176;-1,7362;0,0000;-831,6556;1,2000;832,7820
13,587;-2,4277;1,1176;-1,8054;0,0000;-839,3427;1,2000;840,4692
13,638;-2,3998;1,1176;-1,8720;0,0000;-844,4871;1,2000;845,6136
13,691;-2,3709;1,1176;-1,9406;0,0000;-852,2330;1,2000;853,3597
13,744;-2,3422;1,1176;-2,0090;0,0000;-860,0142;1,2000;861,1410
13,795;-2,3136;1,1176;-2,0762;0,0000;-865,2214;1,2000;866,3483
13,846;-2,2860;1,1176;-2,1404;0,0000;-873,0615;1,2000;874,1885
13,896;-2,2865;1,1176;-2,1963;0,0000;-878,3078;1,2000;879,4349
13,949;-2,3059;1,1176;-2,2448;0,0000;-886,2068;1,2000;887,3341
14,001;-2,3251;1,1176;-2,2929;0,0000;-894,1411;1,2000;895,2685
14,054;-2,3400;1,1176;-2,3421;0,0000;-899,4502;1,2000;900,5778
14,108;-2,3091;1,1176;-2,4138;0,0000;-907,4434;1,2000;908,5711
14,158;-2,2805;1,1176;-2,4793;0,0000;-912,7917;1,2000;913,9196
14,210;-2,2507;1,1176;-2,5468;0,0000;-920,8438;1,2000;921,9717
14,260;-2,2215;1,1176;-2,6130;0,0000;-928,9311;1,2000;930,0592
14,313;-2,1915;1,1176;-2,6811;0,0000;-934,3422;1,2000;935,4705
14,365;-2,1618;1,1176;-2,7483;0,0000;-942,4884;1,2000;943,6168
14,416;-2,1332;1,1176;-2,8132;0,0000;-947,9388;1,2000;949,0673
14,466;-2,1046;1,1176;-2,8781;0,0000;-956,1439;1,2000;957,2725
14,518;-2,0749;1,1176;-2,9454;0,0000;-961,6335;1,2000;962,7623
14,570;-2,0449;1,1176;-3,0133;0,0000;-969,8974;1,2000;971,0263
14,620;-2,0161;1,1176;-3,0788;0,0000;-978,1966;1,2000;979,3256
14,671;-1,9742;1,1176;-3,1089;0,0000;-983,7490;1,2000;984,8781
14,723;-1,9452;1,1176;-3,1201;0,0000;-992,1071;1,2000;993,2360
14,774;-1,9452;1,1176;-3,1201;0,0000;-997,6987;1,2000;998,8276
14,825;-1,9452;1,1176;-3,1201;0,0000;-1006,1160;1,2000;1007,2440
14,876;-1,9452;1,1176;-3,1201;0,0000;-1011,7470;1,2000;1012,8750
14,927;-1,9452;1,1176;-3,1201;0,0000;-1020,2220;1,2000;1021,3510
14,978;-1,9452;1,1176;-3,1201;0,0000;-1025,8920;1,2000;1027,0210
15,029;-1,9452;1,1176;-3,1201;0,0000;-1034,4270;1,2000;1035,5550
15,081;-1,9452;1,1176;-3,1201;0,0000;-1042,9970;1,2000;1044,1250
15,132;-1,9452;1,1176;-3,1201;0,0000;-1048,7300;1,2000;1049,8580
15,182;-1,9452;1,1176;-3,1201;0,0000;-1057,3590;1,2000;1058,4870
15,234;-1,9452;1,1176;-3,1201;0,0000;-1063,1310;1,2000;1064,2590
15,284;-1,9452;1,1176;-3,1201;0,0000;-1071,8190;1,2000;1072,9470
15,334;-1,9452;1,1176;-3,1201;0,0000;-1077,6300;1,2000;1078,7580
15,387;-1,9452;1,1176;-3,1201;0,0000;-1086,3770;1,2000;1087,5050
15,438;-1,9452;1,1176;-3,1201;0,0000;-1092,2270;1,2000;1093,3550
15,489;-1,9452;1,1176;-3,1201;0,0000;-1101,0330;1,2000;1102,1600
15,541;-1,9452;1,1176;-3,1201;0,0000;-1109,8730;1,2000;1111,0010
15,591;-1,9452;1,1176;-3,1201;0,0000;-1115,7870;1,2000;1116,9140
15,644;-1,9452;1,1176;-3,1201;0,0000;-1124,6860;1,2000;1125,8140
15,695;-1,9452;1,1176;-3,1201;0,0000;-1130,6390;1,2000;1131,7660
15,748;-1,9452;1,1176;-3,1201;0,0000;-1139,5970;1,2000;1140,7250
15,800;-1,9452;1,1176;-3,1201;0,0000;-1145,5890;1,2000;1146,7170
15,851;-1,9452;1,1176;-3,1201;0,0000;-1154,6060;1,2000;1155,7340
15,904;-1,9452;1,1176;-3,1201;0,0000;-1163,6590;1,2000;1164,7860
15,956;-1,9452;1,1176;-3,1201;0,0000;-1169,7140;1,2000;1170,8410
16,008;-1,9452;1,1176;-3,1201;0,0000;-1178,8250;1,2000;1179,9520
16,059;-1,9452;1,1176;-3,1201;0,0000;-1184,9190;1,2000;1186,0460
16,111;-1,9452;1,1176;-3,1201;0,0000;-1194,0900;1,2000;1195,2170
16,161;-1,9452;1,1176;-3,1201;0,0000;-1203,2950;1,2000;1204,4220
16,213;-1,9396;1,1176;-3,1037;0,0000;-1209,4520;1,2000;1210,5790
16,263;-1,9235;1,1176;-3,0571;0,0000;-1218,7160;1,2000;1219,8430
16,313;-1,9556;1,1176;-2,9918;0,0000;-1224,9120;1,2000;1226,0390
16,365;-1,9877;1,1176;-2,9265;0,0000;-1234,2360;1,2000;1235,3620
16,417;-2,0206;1,1176;-2,8599;0,0000;-1240,4710;1,2000;1241,5970
16,470;-2,0538;1,1176;-2,7929;0,0000;-1249,8530;1,2000;1250,9790
16,521;-2,0860;1,1176;-2,7280;0,0000;-1259,2710;1,2000;1260,3960
16,574;-2,1189;1,1176;-2,6617;0,0000;-1265,5690;1,2000;1266,6940
16,626;-2,1528;1,1176;-2,5993;0,0000;-1275,0450;1,2000;1276,1700
16,678;-2,2023;1,1176;-2,5826;0,0000;-1281,3820;1,2000;1282,5070
16,729;-2,2509;1,1176;-2,5663;0,0000;-1290,9180;1,2000;1292,0430
16,779;-2,2986;1,1176;-2,5505;0,0000;-1297,2940;1,2000;1298,4190
16,830;-2,3469;1,1176;-2,5344;0,0000;-1306,8880;1,2000;1308,0130
16,882;-2,3674;1,1176;-2,5276;0,0000;-1316,5180;1,2000;1317,6430
16,933;-2,3674;1,1176;-2,5276;0,0000;-1322,9570;1,2000;1324,0820
16,984;-2,3674;1,1176;-2,5276;0,0000;-1332,6450;1,2000;1333,7700
17,037;-2,3674;1,1176;-2,5276;0,0000;-1339,1240;1,2000;1340,2480
17,089;-2,3674;1,1176;-2,5276;0,0000;-1348,8710;1,2000;1349,9950
17,140;-2,3674;1,1176;-2,5276;0,0000;-1358,6530;1,2000;1359,7780
17,192;-2,3674;1,1176;-2,5276;0,0000;-1365,1940;1,2000;1366,3190
17,242;-2,3674;1,1176;-2,5276;0,0000;-1375,0360;1,2000;1376,1600
17,295;-2,3674;1,1176;-2,5276;0,0000;-1381,6160;1,2000;1382,7410
17,345;-2,3674;1,1176;-2,5276;0,0000;-1391,5160;1,2000;1392,6410
17,396;-2,3674;1,1176;-2,5276;0,0000;-1398,1360;1,2000;1399,2610
17,447;-2,3674;1,1176;-2,5276;0,0000;-1408,0950;1,2000;1409,2200
17,499;-2,3930;1,1176;-2,5189;0,0000;-1414,7540;1,2000;1415,8790
17,550;-2,4429;1,1176;-2,5022;0,0000;-1424,7720;1,2000;1425,8970
17,603;-2,4924;1,1176;-2,4855;0,0000;-1434,8250;1,2000;1435,9500
17,654;-2,5413;1,1176;-2,4691;0,0000;-1441,5470;1,2000;1442,6720
17,706;-2,5896;1,1176;-2,4528;0,0000;-1451,6590;1,2000;1452,7840
17,757;-2,6332;1,1176;-2,4214;0,0000;-1458,4200;1,2000;1459,5450
17,810;-2,6667;1,1176;-2,3539;0,0000;-1468,5910;1,2000;1469,7150
17,861;-2,6992;1,1176;-2,2886;0,0000;-1478,7970;1,2000;1479,9220
17,914;-2,7320;1,1176;-2,2225;0,0000;-1485,6210;1,2000;1486,7450
17,966;-2,7649;1,1176;-2,1563;0,0000;-1495,8860;1,2000;1497,0100
18,019;-2,7980;1,1176;-2,0894;0,0000;-1502,7490;1,2000;1503,8730
18,070;-2,8306;1,1176;-2,0239;0,0000;-1513,0730;1,2000;1514,1970
18,121;-2,8622;1,1176;-1,9602;0,0000;-1523,4330;1,2000;1524,5560
18,173;-2,8949;1,1176;-1,8943;0,0000;-1530,3580;1,2000;1531,4820
18,223;-2,9264;1,1176;-1,8308;0,0000;-1540,7760;1,2000;1541,9000
18,274;-2,9584;1,1176;-1,7663;0,0000;-1547,7420;1,2000;1548,8650
18,325;-2,9903;1,1176;-1,7022;0,0000;-1558,2190;1,2000;1559,3420
18,375;-3,0225;1,1176;-1,6372;0,0000;-1565,2230;1,2000;1566,3460
18,427;-3,0550;1,1176;-1,5719;0,0000;-1575,7590;1,2000;1576,8820
18,478;-3,0866;1,1176;-1,5082;0,0000;-1582,8020;1,2000;1583,9250
18,529;-3,1191;1,1176;-1,4426;0,0000;-1593,3970;1,2000;1594,5200
18,580;-3,1508;1,1176;-1,3788;0,0000;-1600,4800;1,2000;1601,6020
18,631;-3,1829;1,1176;-1,3142;0,0000;-1611,1330;1,2000;1612,2560
18,683;-3,2150;1,1176;-1,2495;0,0000;-1621,8220;1,2000;1622,9450
18,734;-3,2477;1,1176;-1,1837;0,0000;-1628,9680;1,2000;1630,0900
18,785;-3,2799;1,1176;-1,1188;0,0000;-1639,7160;1,2000;1640,8380
18,838;-3,3132;1,1176;-1,0517;0,0000;-1646,9000;1,2000;1648,0230
18,891;-3,3463;1,1176;-0,9849;0,0000;-1657,7070;1,2000;1658,8290
18,942;-3,3945;1,1176;-0,9687;0,0000;-1668,5490;1,2000;1669,6710
18,994;-3,4438;1,1176;-0,9510;0,0000;-1675,7970;1,2000;1676,9190
19,045;-3,4884;1,1176;-0,9264;0,0000;-1686,6970;1,2000;1687,8200
19,097;-3,5250;1,1176;-0,8903;0,0000;-1693,9840;1,2000;1695,1070
19,149;-3,5583;1,1176;-0,8493;0,0000;-1704,9440;1,2000;1706,0660
19,201;-3,5901;1,1176;-0,8098;0,0000;-1715,9390;1,2000;1717,0610
19,254;-3,6216;1,1176;-0,7662;0,0000;-1723,2880;1,2000;1724,4110
19,306;-3,6512;1,1176;-0,7236;0,0000;-1734,3420;1,2000;1735,4640
19,357;-3,6804;1,1176;-0,6816;0,0000;-1741,7310;1,2000;1742,8530
19,409;-3,7105;1,1176;-0,6383;0,0000;-1752,8440;1,2000;1753,9660
19,461;-3,7398;1,1176;-0,5961;0,0000;-1763,9920;1,2000;1765,1140
19,511;-3,7682;1,1176;-0,5552;0,0000;-1771,4430;1,2000;1772,5660
19,562;-3,7970;1,1176;-0,5138;0,0000;-1782,6500;1,2000;1783,7720
19,615;-3,8275;1,1176;-0,4700;0,0000;-1790,1410;1,2000;1791,2630
19,666;-3,8568;1,1176;-0,4277;0,0000;-1801,4070;1,2000;1802,5290
19,720;-3,8869;1,1176;-0,3844;0,0000;-1808,9370;1,2000;1810,0590
19,772;-3,9172;1,1176;-0,3409;0,0000;-1820,2610;1,2000;1821,3840
19,823;-3,9465;1,1176;-0,2987;0,0000;-1831,6210;1,2000;1832,7440
19,873;-3,9751;1,1176;-0,2578;0,0000;-1839,2140;1,2000;1840,3360
19,927;-4,0107;1,1176;-0,2189;0,0000;-1850,6330;1,2000;1851,7550
19,977;-4,0561;1,1176;-0,1977;0,0000;-1858,2650;1,2000;1859,3870
20,027;-4,1057;1,1176;-0,1863;0,0000;-1869,7430;1,2000;1870,8650
20,080;-4,1491;1,1176;-0,1383;0,0000;-1881,2550;1,2000;1882,3780
20,132;-4,1893;1,1176;-0,0762;0,0000;-1888,9500;1,2000;1890,0730
20,185;-4,2255;1,1176;-0,0114;0,0000;-1900,5220;1,2000;1901,6450
20,236;-4,2602;1,1176;0,0526;0,0000;-1908,2560;1,2000;1909,3790
20,289;-4,2877;1,1176;0,1216;0,0000;-1919,8870;1,2000;1921,0100
20,342;-4,3052;1,1176;0,1939;0,0000;-1931,5530;1,2000;1932,6760
20,395;-4,3176;1,1176;0,2675;0,0000;-1939,3500;1,2000;1940,4720
20,446;-4,3199;1,1176;0,3408;0,0000;-1951,0750;1,2000;1952,1970
20,498;-4,3195;1,1176;0,4128;0,0000;-1958,9110;1,2000;1960,0330
20,550;-4,3152;1,1176;0,4876;0,0000;-1970,6940;1,2000;1971,8170
20,600;-4,3039;1,1176;0,5575;0,0000;-1982,5140;1,2000;1983,6360
20,651;-4,2900;1,1176;0,6281;0,0000;-1990,4120;1,2000;1991,5350
20,702;-4,3177;1,1176;0,6701;0,0000;-2002,2900;1,2000;2003,4130
20,752;-4,3443;1,1176;0,7134;0,0000;-2010,2290;1,2000;2011,3510
20,802;-4,3694;1,1176;0,7565;0,0000;-2022,1650;1,2000;2023,2870
20,854;-4,3937;1,1176;0,8026;0,0000;-2030,1430;1,2000;2031,2650
20,906;-4,4148;1,1176;0,8495;0,0000;-2042,1380;1,2000;2043,2600
20,959;-4,4333;1,1176;0,8911;0,0000;-2050,1550;1,2000;2051,2770
21,012;-4,4333;1,1176;0,8911;0,0000;-2062,2090;1,2000;2063,3320
21,064;-4,4333;1,1176;0,8911;0,0000;-2074,2990;1,2000;2075,4210
21,116;-4,4333;1,1176;0,8911;0,0000;-2082,3780;1,2000;2083,5010
21,168;-4,4333;1,1176;0,8911;0,0000;-2094,5270;1,2000;2095,6490
21,218;-4,4333;1,1176;0,8911;0,0000;-2102,6460;1,2000;2103,7680
21,269;-4,4333;1,1176;0,8911;0,0000;-2114,8530;1,2000;2115,9750
21,320;-4,4333;1,1176;0,8911;0,0000;-2123,0110;1,2000;2124,1330
21,372;-4,4333;1,1176;0,8911;0,0000;-2135,2770;1,2000;2136,4000
21,423;-4,4333;1,1176;0,8911;0,0000;-2147,5790;1,2000;2148,7010
21,474;-4,4333;1,1176;0,8911;0,0000;-2155,8000;1,2000;2156,9220
21,524;-4,4398;1,1176;0,9253;0,0000;-2168,1600;1,2000;2169,2820
21,576;-4,4503;1,1176;0,9769;0,0000;-2176,4200;1,2000;2177,5420
21,629;-4,4693;1,1176;1,0253;0,0000;-2188,8390;1,2000;2189,9620
21,681;-4,4980;1,1176;1,0692;0,0000;-2201,2940;1,2000;2202,4170
21,733;-4,5124;1,1176;1,1215;0,0000;-2209,6170;1,2000;2210,7390
21,783;-4,5348;1,1176;1,1664;0,0000;-2222,1300;1,2000;2223,2530
21,834;-4,5205;1,1176;1,2384;0,0000;-2230,4920;1,2000;2231,6150
21,886;-4,5064;1,1176;1,3097;0,0000;-2243,0650;1,2000;2244,1870
21,939;-4,4918;1,1176;1,3836;0,0000;-2251,4660;1,2000;2252,5880
21,990;-4,4779;1,1176;1,4539;0,0000;-2264,0970;1,2000;2265,2190
22,042;-4,4636;1,1176;1,5268;0,0000;-2276,7640;1,2000;2277,8860
22,092;-4,4500;1,1176;1,5968;0,0000;-2285,2280;1,2000;2286,3500
22,142;-4,4366;1,1176;1,6658;0,0000;-2297,9530;1,2000;2299,0750
22,195;-4,4224;1,1176;1,7388;0,0000;-2306,4570;1,2000;2307,5790
22,248;-4,4082;1,1176;1,8123;0,0000;-2319,2410;1,2000;2320,3630
22,298;-4,3944;1,1176;1,8830;0,0000;-2327,7830;1,2000;2328,9050
22,348;-4,3809;1,1176;1,9523;0,0000;-2340,6260;1,2000;2341,7480
22,401;-4,3668;1,1176;2,0248;0,0000;-2353,5050;1,2000;2354,6260
22,453;-4,3526;1,1176;2,0980;0,0000;-2362,1100;1,2000;2363,2320
22,505;-4,3389;1,1176;2,1687;0,0000;-2375,0480;1,2000;2376,1690
22,557;-4,3245;1,1176;2,2426;0,0000;-2383,6920;1,2000;2384,8140
22,608;-4,3108;1,1176;2,3131;0,0000;-2396,6880;1,2000;2397,8100
22,660;-4,2974;1,1176;2,3819;0,0000;-2405,3720;1,2000;2406,4940
22,712;-4,2829;1,1176;2,4566;0,0000;-2418,4270;1,2000;2419,5490
22,763;-4,2694;1,1176;2,5263;0,0000;-2431,5170;1,2000;2432,6390
22,814;-4,2553;1,1176;2,5986;0,0000;-2440,2640;1,2000;2441,3860
22,866;-4,2414;1,1176;2,6702;0,0000;-2453,4130;1,2000;2454,5350
22,917;-4,2274;1,1176;2,7412;0,0000;-2462,1990;1,2000;2463,3210
22,968;-4,2081;1,1176;2,8109;0,0000;-2475,4060;1,2000;2476,5280
23,022;-4,1714;1,1176;2,8751;0,0000;-2488,6500;1,2000;2489,7720
23,075;-4,1053;1,1176;2,9101;0,0000;-2497,4990;1,2000;2498,6200
23,125;-4,0335;1,1176;2,9171;0,0000;-2510,8010;1,2000;2511,9230
23,178;-3,9967;1,1176;2,9548;0,0000;-2519,6890;1,2000;2520,8100
23,232;-3,9850;1,1176;2,9682;0,0000;-2533,0500;1,2000;2534,1710
23,286;-3,9850;1,1176;2,9682;0,0000;-2546,4460;1,2000;2547,5680
23,339;-3,9850;1,1176;2,9682;0,0000;-2555,3970;1,2000;2556,5180
23,391;-3,9850;1,1176;2,9682;0,0000;-2568,8520;1,2000;2569,9740
23,445;-3,9850;1,1176;2,9682;0,0000;-2582,3430;1,2000;2583,4640
23,495;-3,9850;1,1176;2,9682;0,0000;-2591,3560;1,2000;2592,4770
23,547;-3,9850;1,1176;2,9682;0,0000;-2604,9060;1,2000;2606,0270
23,598;-3,9850;1,1176;2,9682;0,0000;-2613,9580;1,2000;2615,0800
23,650;-3,9850;1,1176;2,9682;0,0000;-2627,5670;1,2000;2628,6880
23,700;-3,9850;1,1176;2,9682;0,0000;-2641,2100;1,2000;2642,3320
23,753;-3,9850;1,1176;2,9682;0,0000;-2650,3250;1,2000;2651,4470
23,804;-3,9850;1,1176;2,9682;0,0000;-2664,0280;1,2000;2665,1490
23,856;-3,9850;1,1176;2,9682;0,0000;-2673,1830;1,2000;2674,3040
23,908;-3,9850;1,1176;2,9682;0,0000;-2686,9440;1,2000;2688,0650
23,959;-3,9850;1,1176;2,9682;0,0000;-2696,1380;1,2000;2697,2590
24,011;-3,9850;1,1176;2,9682;0,0000;-2709,9580;1,2000;2711,0790
24,062;-3,9850;1,1176;2,9682;0,0000;-2723,8130;1,2000;2724,9340
24,113;-3,9850;1,1176;2,9682;0,0000;-2733,0700;1,2000;2734,1910
24,165;-3,9850;1,1176;2,9682;0,0000;-2746,9850;1,2000;2748,1060
24,216;-3,9526;1,1176;2,9545;0,0000;-2756,2810;1,2000;2757,4020
24,267;-3,9052;1,1176;2,9344;0,0000;-2770,2540;1,2000;2771,3750
24,318;-3,8630;1,1176;2,9165;0,0000;-2779,5890;1,2000;2780,7090
24,369;-3,8630;1,1176;2,9165;0,0000;-2793,6210;1,2000;2794,7410
24,419;-3,8630;1,1176;2,9165;0,0000;-2802,9950;1,2000;2804,1160
24,471;-3,8630;1,1176;2,9165;0,0000;-2817,0860;1,2000;2818,2070
24,522;-3,8630;1,1176;2,9165;0,0000;-2831,2120;1,2000;2832,3330
24,572;-3,8630;1,1176;2,9165;0,0000;-2840,6490;1,2000;2841,7700
24,622;-3,8630;1,1176;2,9165;0,0000;-2854,8340;1,2000;2855,9550
24,674;-3,8630;1,1176;2,9165;0,0000;-2864,3110;1,2000;2865,4320
24,726;-3,8630;1,1176;2,9165;0,0000;-2878,5550;1,2000;2879,6760
24,776;-3,8630;1,1176;2,9165;0,0000;-2888,0710;1,2000;2889,1920
24,829;-3,8630;1,1176;2,9165;0,0000;-2902,3740;1,2000;2903,4940
24,881;-3,8630;1,1176;2,9165;0,0000;-2916,7110;1,2000;2917,8320
24,933;-3,8630;1,1176;2,9165;0,0000;-2926,2900;1,2000;2927,4110
24,985;-3,8630;1,1176;2,9165;0,0000;-2940,6870;1,2000;2941,8080
25,038;-3,8630;1,1176;2,9165;0,0000;-2950,3050;1,2000;2951,4260
25,089;-3,8630;1,1176;2,9165;0,0000;-2964,7610;1,2000;2965,8810
25,142;-3,8630;1,1176;2,9165;0,0000;-2979,2520;1,2000;2980,3720
25,192;-3,8630;1,1176;2,9165;0,0000;-2988,9320;1,2000;2990,0530
25,244;-3,8630;1,1176;2,9165;0,0000;-3003,4820;1,2000;3004,6030
25,295;-3,8630;1,1176;2,9165;0,0000;-3013,2020;1,2000;3014,3230
25,345;-3,8630;1,1176;2,9165;0,0000;-3027,8110;1,2000;3028,9320
25,399;-3,8630;1,1176;2,9165;0,0000;-3037,5700;1,2000;3038,6900
25,452;-3,8630;1,1176;2,9165;0,0000;-3052,2370;1,2000;3053,3580
25,504;-3,8630;1,1176;2,9165;0,0000;-3066,9410;1,2000;3068,0610
25,556;-3,8630;1,1176;2,9165;0,0000;-3076,7620;1,2000;3077,8830
25,608;-3,8630;1,1176;2,9165;0,0000;-3091,5240;1,2000;3092,6450
25,660;-3,8630;1,1176;2,9165;0,0000;-3106,3220;1,2000;3107,4420
25,710;-3,8630;1,1176;2,9165;0,0000;-3116,2060;1,2000;3117,3260
25,761;-3,8630;1,1176;2,9165;0,0000;-3131,0620;1,2000;3132,1830
25,811;-3,8630;1,1176;2,9165;0,0000;-3140,9860;1,2000;3142,1060
25,862;-3,8630;1,1176;2,9165;0,0000;-3155,9010;1,2000;3157,0210
25,915;-3,8630;1,1176;2,9165;0,0000;-3165,8640;1,2000;3166,9840
25,968;-3,8630;1,1176;2,9165;0,0000;-3180,8370;1,2000;3181,9580
26,019;-3,8630;1,1176;2,9165;0,0000;-3190,8400;1,2000;3191,9600
26,070;-3,8630;1,1176;2,9165;0,0000;-3205,8730;1,2000;3206,9930
26,122;-3,8630;1,1176;2,9165;0,0000;-3220,9410;1,2000;3222,0610
26,172;-3,8630;1,1176;2,9165;0,0000;-3231,0060;1,2000;3232,1260
26,223;-3,8596;1,1176;2,9139;0,0000;-3246,1320;1,2000;3247,2530
26,273;-3,8188;1,1176;2,8835;0,0000;-3256,2360;1,2000;3257,3570
26,326;-3,7763;1,1176;2,8517;0,0000;-3271,4220;1,2000;3272,5430
26,376;-3,7359;1,1176;2,8214;0,0000;-3281,5660;1,2000;3282,6860
26,426;-3,6961;1,1176;2,7917;0,0000;-3296,8110;1,2000;3297,9310
26,478;-3,6634;1,1176;2,7672;0,0000;-3306,9930;1,2000;3308,1130
26,529;-3,6634;1,1176;2,7672;0,0000;-3322,2960;1,2000;3323,4170
26,582;-3,6634;1,1176;2,7672;0,0000;-3337,6350;1,2000;3338,7550
26,632;-3,6634;1,1176;2,7672;0,0000;-3347,8810;1,2000;3349,0010
26,685;-3,6634;1,1176;2,7672;0,0000;-3363,2790;1,2000;3364,3990
26,737;-3,6634;1,1176;2,7672;0,0000;-3373,5630;1,2000;3374,6830
26,788;-3,6634;1,1176;2,7672;0,0000;-3389,0200;1,2000;3390,1400
26,840;-3,6634;1,1176;2,7672;0,0000;-3404,5110;1,2000;3405,6310
26,894;-3,6634;1,1176;2,7672;0,0000;-3414,8590;1,2000;3415,9790
26,947;-3,6634;1,1176;2,7672;0,0000;-3430,4100;1,2000;3431,5300
26,998;-3,6634;1,1176;2,7672;0,0000;-3440,7960;1,2000;3441,9160
27,051;-3,6634;1,1176;2,7672;0,0000;-3456,4060;1,2000;3457,5260
27,104;-3,6634;1,1176;2,7672;0,0000;-3472,0500;1,2000;3473,1700
27,157;-3,6634;1,1176;2,7672;0,0000;-3482,5000;1,2000;3483,6200
27,210;-3,6634;1,1176;2,7672;0,0000;-3498,2040;1,2000;3499,3240
27,262;-3,6634;1,1176;2,7672;0,0000;-3513,9430;1,2000;3515,0630
27,314;-3,6836;1,1176;2,7818;0,0000;-3524,4550;1,2000;3525,5750
27,364;-3,7243;1,1176;2,8112;0,0000;-3540,2530;1,2000;3541,3730
27,417;-3,7676;1,1176;2,8423;0,0000;-3550,8040;1,2000;3551,9250
27,468;-3,8093;1,1176;2,8724;0,0000;-3566,6610;1,2000;3567,7810
27,520;-3,8515;1,1176;2,9028;0,0000;-3582,5530;1,2000;3583,6740
27,571;-3,8657;1,1176;2,9131;0,0000;-3593,1680;1,2000;3594,2880
27,625;-3,8657;1,1176;2,9131;0,0000;-3609,1180;1,2000;3610,2390
27,676;-3,8657;1,1176;2,9131;0,0000;-3619,7720;1,2000;3620,8920
27,728;-3,8657;1,1176;2,9131;0,0000;-3635,7820;1,2000;3636,9020
27,778;-3,8657;1,1176;2,9131;0,0000;-3646,4750;1,2000;3647,5950
27,829;-3,8657;1,1176;2,9131;0,0000;-3662,5430;1,2000;3663,6640
27,880;-3,8657;1,1176;2,9131;0,0000;-3673,2750;1,2000;3674,3960
27,933;-3,8657;1,1176;2,9131;0,0000;-3689,4030;1,2000;3690,5230
27,983;-3,8657;1,1176;2,9131;0,0000;-3705,5660;1,2000;3706,6860
28,034;-3,8657;1,1176;2,9131;0,0000;-3716,3610;1,2000;3717,4810
28,084;-3,8657;1,1176;2,9131;0,0000;-3732,5820;1,2000;3733,7020
28,135;-3,8657;1,1176;2,9131;0,0000;-3743,4160;1,2000;3744,5360
28,186;-3,8657;1,1176;2,9131;0,0000;-3759,6970;1,2000;3760,8170
28,238;-3,8657;1,1176;2,9131;0,0000;-3770,5700;1,2000;3771,6900
28,288;-3,8657;1,1176;2,9131;0,0000;-3786,9090;1,2000;3788,0300
28,340;-3,8657;1,1176;2,9131;0,0000;-3803,2840;1,2000;3804,4040
28,391;-3,8657;1,1176;2,9131;0,0000;-3814,2200;1,2000;3815,3400
28,444;-3,8657;1,1176;2,9131;0,0000;-3830,6540;1,2000;3831,7740
28,495;-3,8476;1,1176;2,9000;0,0000;-3841,6290;1,2000;3842,7490
28,546;-3,8068;1,1176;2,8706;0,0000;-3858,1220;1,2000;3859,2410
28,598;-3,7735;1,1176;2,8466;0,0000;-3869,1360;1,2000;3870,2560
28,648;-3,7735;1,1176;2,8466;0,0000;-3885,6880;1,2000;3886,8070
28,701;-3,7735;1,1176;2,8466;0,0000;-3902,2740;1,2000;3903,3940
28,752;-3,7735;1,1176;2,8466;0,0000;-3913,3510;1,2000;3914,4710
28,803;-3,7735;1,1176;2,8466;0,0000;-3929,9970;1,2000;3931,1170
28,855;-3,7735;1,1176;2,8466;0,0000;-3941,1140;1,2000;3942,2330
28,906;-3,7735;1,1176;2,8466;0,0000;-3957,8180;1,2000;3958,9380
28,956;-3,7735;1,1176;2,8466;0,0000;-3968,9740;1,2000;3970,0940
29,008;-3,7735;1,1176;2,8466;0,0000;-3985,7370;1,2000;3986,8560
29,058;-3,7735;1,1176;2,8466;0,0000;-3996,9320;1,2000;3998,0520
29,110;-3,7735;1,1176;2,8466;0,0000;-4013,7540;1,2000;4014,8740
29,162;-3,7735;1,1176;2,8466;0,0000;-4030,6110;1,2000;4031,7310
29,212;-3,7735;1,1176;2,8466;0,0000;-4041,8690;1,2000;4042,9890
29,263;-3,7735;1,1176;2,8466;0,0000;-4058,7850;1,2000;4059,9050
29,316;-3,7735;1,1176;2,8466;0,0000;-4070,0820;1,2000;4071,2020
29,367;-3,7735;1,1176;2,8466;0,0000;-4087,0570;1,2000;4088,1770
29,420;-3,7735;1,1176;2,8466;0,0000;-4098,3940;1,2000;4099,5130
29,472;-3,7735;1,1176;2,8466;0,0000;-4115,4270;1,2000;4116,5470
29,524;-3,7735;1,1176;2,8466;0,0000;-4132,4970;1,2000;4133,6170
29,574;-3,7735;1,1176;2,8466;0,0000;-4143,8960;1,2000;4145,0160
29,626;-3,7735;1,1176;2,8466;0,0000;-4161,0250;1,2000;4162,1450
29,677;-3,7735;1,1176;2,8466;0,0000;-4172,4630;1,2000;4173,5830
29,728;-3,7735;1,1176;2,8466;0,0000;-4189,6500;1,2000;4190,7700
29,780;-3,7735;1,1176;2,8466;0,0000;-4201,1280;1,2000;4202,2480
29,830;-3,7735;1,1176;2,8466;0,0000;-4218,3740;1,2000;4219,4930
29,882;-3,7555;1,1176;2,8336;0,0000;-4235,6540;1,2000;4236,7740
29,932;-3,7150;1,1176;2,8045;0,0000;-4247,1940;1,2000;4248,3140
29,983;-3,6732;1,1176;2,7743;0,0000;-4264,5340;1,2000;4265,6530
30,036;-3,6310;1,1176;2,7439;0,0000;-4276,1140;1,2000;4277,2330
30,086;-3,5908;1,1176;2,7148;0,0000;-4293,5130;1,2000;4294,6330
30,139;-3,5313;1,1176;2,7053;0,0000;-4305,1320;1,2000;4306,2520
30,189;-3,4611;1,1176;2,7166;0,0000;-4322,5900;1,2000;4323,7090
30,239;-3,3913;1,1176;2,7279;0,0000;-4334,2490;1,2000;4335,3680
30,290;-3,3538;1,1176;2,7632;0,0000;-4351,7650;1,2000;4352,8840
30,340;-3,3246;1,1176;2,8037;0,0000;-4369,3170;1,2000;4370,4360
30,393;-3,2987;1,1176;2,8396;0,0000;-4381,0380;1,2000;4382,1570
30,444;-3,2987;1,1176;2,8396;0,0000;-4398,6480;1,2000;4399,7670
30,494;-3,2987;1,1176;2,8396;0,0000;-4410,4080;1,2000;4411,5270
30,546;-3,3141;1,1176;2,8183;0,0000;-4428,0770;1,2000;4429,1960
30,599;-3,3453;1,1176;2,7750;0,0000;-4439,8760;1,2000;4440,9960
30,650;-3,3753;1,1176;2,7334;0,0000;-4457,6050;1,2000;4458,7250
30,701;-3,3924;1,1176;2,7097;0,0000;-4475,3700;1,2000;4476,4890
30,752;-3,3924;1,1176;2,7097;0,0000;-4487,2320;1,2000;4488,3510
30,804;-3,3924;1,1176;2,7097;0,0000;-4505,0550;1,2000;4506,1740
30,857;-3,3924;1,1176;2,7097;0,0000;-4516,9560;1,2000;4518,0750
30,910;-3,3924;1,1176;2,7097;0,0000;-4534,8370;1,2000;4535,9570
30,963;-3,3924;1,1176;2,7097;0,0000;-4552,7540;1,2000;4553,8730
31,016;-3,3924;1,1176;2,7097;0,0000;-4564,7180;1,2000;4565,8370
31,067;-3,3924;1,1176;2,7097;0,0000;-4582,6930;1,2000;4583,8120
31,117;-3,3924;1,1176;2,7097;0,0000;-4594,6960;1,2000;4595,8150
31,169;-3,3924;1,1176;2,7097;0,0000;-4612,7310;1,2000;4613,8500
31,219;-3,3924;1,1176;2,7097;0,0000;-4624,7740;1,2000;4625,8930
31,272;-3,3924;1,1176;2,7097;0,0000;-4642,8680;1,2000;4643,9870
31,323;-3,3924;1,1176;2,7097;0,0000;-4660,9970;1,2000;4662,1160
31,374;-3,3924;1,1176;2,7097;0,0000;-4673,1020;1,2000;4674,2210
31,426;-3,3924;1,1176;2,7097;0,0000;-4691,2900;1,2000;4692,4090
31,477;-3,3924;1,1176;2,7097;0,0000;-4703,4340;1,2000;4704,5530
31,528;-3,3924;1,1176;2,7097;0,0000;-4721,6800;1,2000;4722,7990
31,581;-3,3924;1,1176;2,7097;0,0000;-4739,9610;1,2000;4741,0810
31,634;-3,3924;1,1176;2,7097;0,0000;-4752,1680;1,2000;4753,2880
31,685;-3,3924;1,1176;2,7097;0,0000;-4770,5090;1,2000;4771,6280
31,736;-3,3924;1,1176;2,7097;0,0000;-4782,7560;1,2000;4783,8750
31,787;-3,3924;1,1176;2,7097;0,0000;-4801,1560;1,2000;4802,2750
31,838;-3,3924;1,1176;2,7097;0,0000;-4813,4420;1,2000;4814,5620
31,891;-3,3924;1,1176;2,7097;0,0000;-4831,9010;1,2000;4833,0200
31,944;-3,3924;1,1176;2,7097;0,0000;-4850,3950;1,2000;4851,5140
31,995;-3,3924;1,1176;2,7097;0,0000;-4862,7430;1,2000;4863,8620
32,047;-3,3924;1,1176;2,7097;0,0000;-4881,2950;1,2000;4882,4150
32,099;-3,3924;1,1176;2,7097;0,0000;-4893,6830;1,2000;4894,8020
32,151;-3,3924;1,1176;2,7097;0,0000;-4912,2940;1,2000;4913,4130
32,203;-3,3924;1,1176;2,7097;0,0000;-4930,9400;1,2000;4932,0590
32,254;-3,3924;1,1176;2,7097;0,0000;-4943,3910;1,2000;4944,5100
32,306;-3,3924;1,1176;2,7097;0,0000;-4962,0970;1,2000;4963,2160
32,357;-3,3924;1,1176;2,7097;0,0000;-4974,5870;1,2000;4975,7070
32,407;-3,3924;1,1176;2,7097;0,0000;-4993,3520;1,2000;4994,4710
32,461;-3,3924;1,1176;2,7097;0,0000;-5012,1520;1,2000;5013,2710
32,512;-3,3924;1,1176;2,7097;0,0000;-5024,7050;1,2000;5025,8240
32,564;-3,3924;1,1176;2,7097;0,0000;-5043,5630;1,2000;5044,6820
32,616;-3,3924;1,1176;2,7097;0,0000;-5056,1550;1,2000;5057,2740
32,668;-3,3924;1,1176;2,7097;0,0000;-5075,0720;1,2000;5076,1910
32,721;-3,3924;1,1176;2,7097;0,0000;-5094,0240;1,2000;5095,1430
32,772;-3,3924;1,1176;2,7097;0,0000;-5106,6790;1,2000;5107,7980
32,824;-3,3924;1,1176;2,7097;0,0000;-5125,6910;1,2000;5126,8100
32,878;-3,3924;1,1176;2,7097;0,0000;-5138,3850;1,2000;5139,5040
32,929;-3,3924;1,1176;2,7097;0,0000;-5157,4560;1,2000;5158,5750
32,981;-3,3924;1,1176;2,7097;0,0000;-5176,5620;1,2000;5177,6810
33,032;-3,3924;1,1176;2,7097;0,0000;-5189,3190;1,2000;5190,4380
33,085;-3,3924;1,1176;2,7097;0,0000;-5208,4830;1,2000;5209,6030
33,136;-3,3924;1,1176;2,7097;0,0000;-5221,2790;1,2000;5222,3980
33,188;-3,3924;1,1176;2,7097;0,0000;-5240,5020;1,2000;5241,6220
33,238;-3,3924;1,1176;2,7097;0,0000;-5253,3370;1,2000;5254,4570
33,288;-3,3924;1,1176;2,7097;0,0000;-5272,6190;1,2000;5273,7380
33,342;-3,3924;1,1176;2,7097;0,0000;-5291,9370;1,2000;5293,0560
33,394;-3,3924;1,1176;2,7097;0,0000;-5304,8350;1,2000;5305,9550
33,446;-3,3924;1,1176;2,7097;0,0000;-5324,2120;1,2000;5325,3320
33,497;-3,3924;1,1176;2,7097;0,0000;-5337,1500;1,2000;5338,2690
33,548;-3,3924;1,1176;2,7097;0,0000;-5356,5850;1,2000;5357,7050
33,598;-3,3924;1,1176;2,7097;0,0000;-5369,5620;1,2000;5370,6810
33,649;-3,3924;1,1176;2,7097;0,0000;-5389,0560;1,2000;5390,1750
33,700;-3,3924;1,1176;2,7097;0,0000;-5408,5850;1,2000;5409,7050
33,754;-3,3924;1,1176;2,7097;0,0000;-5421,6250;1,2000;5422,7440
33,806;-3,3924;1,1176;2,7097;0,0000;-5441,2120;1,2000;5442,3320
33,856;-3,3924;1,1176;2,7097;0,0000;-5454,2910;1,2000;5455,4100
33,907;-3,3924;1,1176;2,7097;0,0000;-5473,9380;1,2000;5475,0580
33,960;-3,3924;1,1176;2,7097;0,0000;-5487,0570;1,2000;5488,1760
34,011;-3,3924;1,1176;2,7097;0,0000;-5506,7630;1,2000;5507,8820
34,061;-3,3924;1,1176;2,7097;0,0000;-5526,5050;1,2000;5527,6240
34,113;-3,3924;1,1176;2,7097;0,0000;-5539,6860;1,2000;5540,8050
34,164;-3,3924;1,1176;2,7097;0,0000;-5559,4860;1,2000;5560,6050
34,216;-3,3924;1,1176;2,7097;0,0000;-5572,7060;1,2000;5573,8250
34,268;-3,3924;1,1176;2,7097;0,0000;-5592,5640;1,2000;5593,6840
34,321;-3,3924;1,1176;2,7097;0,0000;-5612,4580;1,2000;5613,5780
34,372;-3,3924;1,1176;2,7097;0,0000;-5625,7410;1,2000;5626,8600
34,425;-3,3924;1,1176;2,7097;0,0000;-5645,6940;1,2000;5646,8130
34,478;-3,3924;1,1176;2,7097;0,0000;-5659,0160;1,2000;5660,1350
34,528;-3,3924;1,1176;2,7097;0,0000;-5679,0290;1,2000;5680,1470
34,580;-3,3924;1,1176;2,7097;0,0000;-5699,0770;1,2000;5700,1950
34,631;-3,3924;1,1176;2,7097;0,0000;-5712,4610;1,2000;5713,5800
34,681;-3,3924;1,1176;2,7097;0,0000;-5732,5680;1,2000;5733,6870
34,732;-3,3924;1,1176;2,7097;0,0000;-5745,9920;1,2000;5747,1100
34,785;-3,3924;1,1176;2,7097;0,0000;-5766,1570;1,2000;5767,2750
34,835;-3,3924;1,1176;2,7097;0,0000;-5779,6200;1,2000;5780,7380
34,886;-3,3924;1,1176;2,7097;0,0000;-5799,8430;1,2000;5800,9620
34,937;-3,3924;1,1176;2,7097;0,0000;-5813,3450;1,2000;5814,4640
34,989;-3,3924;1,1176;2,7097;0,0000;-5833,6280;1,2000;5834,7470
35,039;-3,3924;1,1176;2,7097;0,0000;-5847,1700;1,2000;5848,2890
35,092;-3,3924;1,1176;2,7097;0,0000;-5867,5120;1,2000;5868,6310
35,144;-3,3924;1,1176;2,7097;0,0000;-5887,8900;1,2000;5889,0080
35,196;-3,3924;1,1176;2,7097;0,0000;-5901,4940;1,2000;5902,6130
35,248;-3,3924;1,1176;2,7097;0,0000;-5921,9300;1,2000;5923,0490
35,299;-3,3924;1,1176;2,7097;0,0000;-5935,5740;1,2000;5936,6920
35,351;-3,3924;1,1176;2,7097;0,0000;-5956,0680;1,2000;5957,1870
35,404;-3,3924;1,1176;2,7097;0,0000;-5976,5980;1,2000;5977,7170
35,455;-3,3924;1,1176;2,7097;0,0000;-5990,3040;1,2000;5991,4230
35,506;-3,3924;1,1176;2,7097;0,0000;-6010,8930;1,2000;6012,0110
35,558;-3,3924;1,1176;2,7097;0,0000;-6024,6390;1,2000;6025,7570
35,609;-3,3924;1,1176;2,7097;0,0000;-6045,2870;1,2000;6046,4060
35,659;-3,3924;1,1176;2,7097;0,0000;-6059,0720;1,2000;6060,1910
35,711;-3,3924;1,1176;2,7097;0,0000;-6079,7790;1,2000;6080,8980
35,763;-3,3924;1,1176;2,7097;0,0000;-6100,5210;1,2000;6101,6400
35,813;-3,3924;1,1176;2,7097;0,0000;-6114,3690;1,2000;6115,4880
35,865;-3,3924;1,1176;2,7097;0,0000;-6135,1700;1,2000;6136,2890
35,918;-3,3924;1,1176;2,7097;0,0000;-6149,0570;1,2000;6150,1750
35,970;-3,3924;1,1176;2,7097;0,0000;-6169,9160;1,2000;6171,0350
36,022;-3,3924;1,1176;2,7097;0,0000;-6190,8110;1,2000;6191,9290
36,073;-3,3924;1,1176;2,7097;0,0000;-6204,7600;1,2000;6205,8780
36,124;-3,3924;1,1176;2,7097;0,0000;-6225,7140;1,2000;6226,8330
36,175;-3,3924;1,1176;2,7097;-2,3630;-5,7326;2,1106;6,9530
36,227;-3,3924;1,1176;2,7097;-2,3630;-26,7454;2,1106;27,8884
36,278;-3,3924;1,1176;2,7097;-2,3630;-40,7735;2,1106;41,9081
36,330;-3,3924;1,1176;2,7097;-2,3630;-61,8452;2,1106;62,9741
36,384;-3,3924;1,1176;2,7097;-2,3630;-82,9522;2,1106;84,0782
36,436;-3,3924;1,1176;2,7097;-2,3630;-97,0431;2,1106;98,1680
36,487;-3,3924;1,1176;2,7097;-2,3630;-118,2090;2,1106;119,3325
36,538;-3,3924;1,1176;2,7097;-2,3630;-132,3391;2,1106;133,4621
36,591;-3,3924;1,1176;2,7097;-2,3630;-153,5638;2,1106;154,6860
36,643;-3,3924;1,1176;2,7097;-2,3630;-174,8239;2,1106;175,9455
36,695;-3,3924;1,1176;2,7097;-2,3630;-189,0168;2,1106;190,1381
36,747;-3,3924;1,1176;2,7097;-2,3630;-210,3357;2,1106;211,4566
36,798;-3,3924;1,1176;2,7097;-2,3630;-224,5679;2,1106;225,6886
36,851;-3,3924;1,1176;2,7097;-2,3630;-245,9456;2,1106;247,0661
36,904;-3,3924;1,1176;2,7097;-2,3630;-267,3587;2,1106;268,4789
36,955;-3,3924;1,1176;2,7097;-2,3630;-281,6537;2,1106;282,7738
37,008;-3,3924;1,1176;2,7097;-2,3630;-303,1255;2,1106;304,2455
37,058;-3,3924;1,1176;2,7097;-2,3630;-317,4598;2,1106;318,5796
37,110;-3,3924;1,1176;2,7097;-2,3630;-338,9905;2,1106;340,1102
37,162;-3,3924;1,1176;2,7097;-2,3630;-360,5566;2,1106;361,6762
37,215;-3,3924;1,1176;2,7097;-2,3630;-374,9536;2,1106;376,0732
37,266;-3,3924;1,1176;2,7097;-2,3630;-396,5786;2,1106;397,6980
37,316;-3,3924;1,1176;2,7097;-2,3630;-411,0148;2,1106;412,1342
37,367;-3,3924;1,1176;2,7097;-2,3630;-432,6986;2,1106;433,8179
37,418;-3,3924;1,1176;2,7097;-2,3630;-447,1741;2,1106;448,2933
37,471;-3,3924;1,1176;2,7097;-2,3630;-468,9167;2,1106;470,0359
37,524;-3,3924;1,1176;2,7097;-2,3630;-490,6947;2,1106;491,8138
37,578;-3,3924;1,1176;2,7097;-2,3630;-505,2330;2,1106;506,3520
37,630;-3,3924;1,1176;2,7097;-2,3630;-527,0698;2,1106;528,1888
37,681;-3,3924;1,1176;2,7097;-2,3630;-548,9420;2,1106;550,0609
37,733;-3,3924;1,1176;2,7097;-2,3630;-563,5430;2,1106;564,6619
37,787;-3,3924;1,1176;2,7097;-2,3630;-585,4741;2,1106;586,5929
37,837;-3,3924;1,1176;2,7097;-2,3630;-600,1143;2,1106;601,2331
37,889;-3,3924;1,1176;2,7097;-2,3630;-622,1042;2,1106;623,2230
37,942;-3,3924;1,1176;2,7097;-2,3630;-644,1294;2,1106;645,2481
37,992;-3,3924;1,1176;2,7097;-2,3630;-658,8325;2,1106;659,9512
38,046;-3,3924;1,1176;2,7097;-2,3630;-680,9165;2,1106;682,0352
38,098;-3,3924;1,1176;2,7097;-2,3630;-695,6588;2,1106;696,7775
38,150;-3,3924;1,1176;2,7097;-2,3630;-717,8017;2,1106;718,9203
38,203;-3,3924;1,1176;2,7097;-2,3630;-739,9799;2,1106;741,0985
38,255;-3,3924;1,1176;2,7097;-2,3630;-754,7850;2,1106;755,9036
38,308;-3,3924;1,1176;2,7097;-2,3630;-777,0221;2,1106;778,1406
38,359;-3,3924;1,1176;2,7097;-2,3630;-791,8665;2,1106;792,9850
38,415;-3,3924;1,1176;2,7097;-2,3630;-814,1624;2,1106;815,2809
38,466;-3,3924;1,1176;2,7097;-2,3630;-836,4937;2,1106;837,6121
38,520;-3,3924;1,1176;2,7097;-2,3630;-851,4008;2,1106;852,5192
38,571;-3,3924;1,1176;2,7097;-2,3630;-873,7909;2,1106;874,9093
38,624;-3,3924;1,1176;2,7097;-2,3630;-896,2163;2,1106;897,3347
38,675;-3,3924;1,1176;2,7097;-2,3630;-911,1862;2,1106;912,3046
38,726;-3,3924;1,1176;2,7097;-2,3630;-933,6705;2,1106;934,7888
38,779;-3,3924;1,1176;2,7097;-2,3630;-948,6796;2,1106;949,7980
38,833;-3,3924;1,1176;2,7097;-2,3630;-971,2228;2,1106;972,3411
38,885;-3,3924;1,1176;2,7097;-2,3630;-993,8012;2,1106;994,9196
38,936;-3,3924;1,1176;2,7097;-2,3630;-1008,8730;2,1106;1009,9910
38,988;-3,3924;1,1176;2,7097;-2,3630;-1031,5100;2,1106;1032,6290
39,040;-3,3924;1,1176;2,7097;-2,3630;-1054,1830;2,1106;1055,3010
39,095;-3,3924;1,1176;2,7097;-2,3630;-1069,3180;2,1106;1070,4360
39,149;-3,3924;1,1176;2,7097;-2,3630;-1092,0490;2,1106;1093,1670
39,199;-3,3924;1,1176;2,7097;-2,3630;-1107,2230;2,1106;1108,3410
39,250;-3,3924;1,1176;2,7097;-2,3630;-1130,0140;2,1106;1131,1320
39,306;-3,3924;1,1176;2,7097;-2,3630;-1152,8390;2,1106;1153,9570
39,358;-3,3924;1,1176;2,7097;-2,3630;-1168,0760;2,1106;1169,1940
39,411;-3,3924;1,1176;2,7097;-2,3630;-1190,9610;2,1106;1192,0790
39,464;-3,3924;1,1176;2,7097;-2,3630;-1213,8800;2,1106;1214,9990
39,516;-3,3924;1,1176;2,7097;-2,3630;-1229,1800;2,1106;1230,2980
39,567;-3,3924;1,1176;2,7097;-2,3630;-1252,1590;2,1106;1253,2770
39,638;-3,3924;1,1176;2,7097;-2,3630;-1275,1730;2,1106;1276,2910
39,688;-3,3924;1,1176;2,7097;-2,3630;-1298,2220;2,1106;1299,3400
39,739;-3,3924;1,1176;2,7097;-2,3630;-1313,6080;2,1106;1314,7260
39,790;-3,3924;1,1176;2,7097;-2,3630;-1336,7160;2,1106;1337,8340
39,842;-3,3924;1,1176;2,7097;-2,3630;-1359,8590;2,1106;1360,9770
39,933;0,0000;1,1176;0,0000;-2,3630;-1390,7720;2,1106;1391,8940
